Продажа авто Тойота Краун 18 года в Уссурийске, МАШИНА В ИДЕВЛЬНОМ СОСТОЯНИИ, гибрид, бензин, седан, коробка автомат, белый
Продам авто Toyota Crown 18 года в Уссурийске, Накатался)Купил другую машину, АКПП, пробег 152тыс.км, белый, седан, бензин, правый руль, гибрид, 2.5л.
Продажа Тойота Краун 2020 во Владивостоке, УВАЖАЕМЫЕ ПОКУПАТЕЛИ, 4вд, седан, гибрид, в пути, АКПП, бензин, пробег 123000 км
Toyota Crown 19 года во Владивостоке, Машина полностью покрыта антигравийной пленкой премиум класса Quantum Pro 190 мк, 2.5 л., гибрид, с пробегом 103 тыс.км
Продам автомобиль Тойота Краун 2019 в Уссурийске, Продам отличный CROWN, 2.5 литра, цена 3090000 р., гибрид, седан, бензиновый двигатель, белый, комплектация 2.5 RS Advance
Тойота Краун 2019 года во Владивостоке, ЧЕРНЫЙ НА ЧЕРНОЙ КОЖЕ, седан, 2.5 литра, гибрид, автомат, пробег 88тыс.км
Тойота Краун 2019 в Уссурийске, Писать и звонить только реальным покупателям, гибрид, автомат, бензиновый, комплектация 2.5 RS Four 4WD, 4WD, пробег 55 тысяч км
Продажа авто Тойота Краун 2018 во Владивостоке, 11 месяц 2018 года, обмен, цена 3.1млн.р., бензин, коробка автомат, гибрид, белый, седан, 2.5 RS , 2.5 литра
Купить Тойота Краун 2018г. в Уссурийске, Комплектация RS, 2.5 литра, с пробегом 113 тысяч км, 2.5 RS , автоматическая коробка передач, гибрид, седан, белый, бензин
Продажа Тойота Краун 2018 во Владивостоке, Продам своего любимца, обмен на более дорогую, на равноценную, АКПП, правый руль, бензин, седан, гибрид
Продажа Тойота Краун 2019 в Уссурийске, Я собственник, вложений не требует, аукцион 4, 5 балла, обмен на равноценную, на более дешевую, 2.5 RS , седан, 2500 куб.см
"Toyota Crown 2018 год в Уссурийске, x1f1ef;&#x1f1f5;Задний привод, 8-ми ступенчатый автомат (не вариатор, обмен возможен, 2л., автоматическая коробка передач"
Продажа Toyota Crown 2019 во Владивостоке, 2.5 RS Advance, белый, бензин, АКПП, седан, пробег 85 тыс.км, гибрид
Toyota Crown 2018 во Владивостоке, Автомобиль в отличном состоянии, аукционый автомобиль имеется в статистике, коробка AT, привод задний, комплектация 2.5 RS
Продажа Toyota Crown 2018 г. во Владивостоке, в отличном состоянии. максимальной комплектации RS/ камеры в круг, люк, кожа, гибрид, седан, комплектация 2.5 RS Advance
Купить автомобиль Тойота Краун 19 года во Владивостоке, Шикарная комплектация - доводчики дверей и багажника, правый руль, коробка автомат, 4 wd, 2.5 литра, гибрид
Тойота Краун 2019 год во Владивостоке, По всем интересующим вопросам звоните, седан, правый руль, акпп, гибрид, пробег 115 тысяч км, 2.5 литра
Тойота Краун 2018 год в Уссурийске, Продам Крауна в отличном состоянии, 2.5 литра, автомат, руль правый, белый, бензин, седан, комплектация 2.5 S C Package, гибрид
Тойота Краун 2018г. во Владивостоке, Привозил для себя, бензин, гибрид, седан, акпп, 3200000 руб., 2.5 литра, 2.5 G, черный
Продам авто Toyota Crown 2018 во Владивостоке, гибрид, б/у, руль правый, Приморье, с пробегом 113 тыс.км, седан, комплектация 2.5 RS
Купить Тойота Краун 2018 во Владивостоке, Отличный аукционный автомобиль с состоянием нового авто с оценкой 4, 5А, седан, белый, гибрид, с пробегом, правый руль
"Продажа Toyota Crown 2018 года во Владивостоке, ГИБРИД, LED-фары, туманки, омыватели фар, сонары по кругу, автомат, гибрид, бензин, Авторынок Владивостока ""Зеленый Угол"""
Тойота Краун 2018 во Владивостоке, Машина в отличном состоянии, любая проверку готов пройти, зад.привод, гибрид, седан, с пробегом, серый, автомат, бензин, 2.5 литра
Продаётся авто Тойота Краун 2019 года во Владивостоке, Продам отличный Crown RS Advance, гибрид, бензин, белый, 2.5 литра, седан
Тойота Краун 2019 во Владивостоке, CROWN без пробега по РФ, Доплата в любую сторону, автоматическая коробка, бензин, седан, гибрид, серый, цена 3.3млн.руб.
Тойота Краун 2018 во Владивостоке, Мы находимся по адресу, седан, гибрид, комплектация 2.5 RS Advance, АКПП, 2.5 литра
Тойота Краун 2018 года во Владивостоке, Гаражное хранение, коврики кунка, новый аккумулятор, охранный комплекс, задний привод, белый, седан, гибрид, 2.5 литра
Тойота Краун 2019 года во Владивостоке, Машина в идеальном состоянии продажа от собственника пишите на WhatsAp, обмен на более дешевую, 3.3 млн.р., белый, с пробегом 47 тыс.км
Toyota Crown 2018 во Владивостоке, Аукцион 4.5 балла, серый, седан, коробка автоматическая, бензин, гибрид
Тойота Краун 2018 во Владивостоке, Автомобиль, есть в статистике по номеру кузова и по номеру лота, 2.5 литра, седан, комплектация 2.5 RS Advance, цена 3350000рублей
Продажа Toyota Crown 2019 во Владивостоке, комплектация 2.5 RS , седан, 2.5 литра, гибрид, бензин, акпп
Купить автомобиль Тойота Краун 2020 во Владивостоке, Автомобиль в отличном состоянии, гибрид, 4WD, седан, 2.5л., АКПП, бензин, комплектация 2.5 G Executive Four 4WD
Продажа Тойота Краун 2018 года во Владивостоке, Предлагаю не упустить шанс и приобрести crown в идеальном состоянии, гибрид, седан, акпп, б/у, 2.5 литра, бензин
Купить Тойота Краун 2018г.в. в Уссурийске, Без пробега по РФ, седан, 2 литра, автомат, бензин, пробег 110000 км, 2.0 RS
Toyota Crown 18 год во Владивостоке, Автомобиль в отличном состоянии, 2.5 S C Package, пробег 80000 км, гибрид, седан, бензиновый, коробка автоматическая, правый руль
Продажа Тойота Краун 2018 года во Владивостоке, Автомобиль в хорошем состоянии, с пробегом 91000 км, АКПП, гибрид, Приморье, бензин, 4wd, 2.5 S Four 4WD, седан
Тойота Краун 2018 во Владивостоке, Аукционный автомобиль, гибрид, белый, бензиновый, 2.5 RS Advance, Приморье, акпп, седан
Купить авто Тойота Краун 2018 во Владивостоке, седан, 2.5 л., гибрид, АКПП, 2.5 RS Advance, пробег 78 тысяч км
Тойота Краун 2018 года во Владивостоке, черный на чёрной коже, 2.5 литра, акпп, черный, гибрид, 2.5 RS Advance, бензин, седан
Toyota Crown 2018 в Уссурийске, Идеальное состояние, аукцион 4 балла, На Prado 150, коробка автомат, седан, Приморье, цена 3.5млн.рублей, с пробегом 91000 км, бензин
Тойота Краун 2018 года во Владивостоке, Привоз сентябрь 2022 года, один хозяин, люк, ковры кунка, сигнализация пандора, обмен на более дешевую, черный, седан, гибрид
Тойота Краун 2020г.в. во Владивостоке, Отличное состояние, 2.5 RS, гибрид, бензин, акпп, седан, 2.5л.
Авто Тойота Краун 19 во Владивостоке, 3.6млн.руб., 4WD, гибрид, комплектация 2.5 G Four 4WD, седан, 2500 куб.см, с пробегом 59 тысяч км
Тойота Краун 2018 в Уссурийске, TOYOTA CROWN НYBRID 4WD, 2.5 литра, с пробегом, седан, 2.5 G Executive Four 4WD, бензин, гибрид, полный привод, коробка автомат
Купить Toyota Crown 2019г. во Владивостоке, Автомобиль в пути из Японии, бензин, гибрид, АКПП, 2.5 л., седан, пробег 86298 км, в пути
Авто Тойота Краун 19 год в Уссурийске, Автомобиль куплен, ожидаемая дата прихода - декабрь 2023 г, цена 3.7 млн.рублей, гибрид, Япония, в пути, АКПП, комплектация 2.5 RS Advance
Купить Тойота Краун 2020 во Владивостоке, Аукцион: TAA Kinki, гибрид, седан, автомат, синий
Toyota Crown 2019 года во Владивостоке, Продается Crown, король дорог, настоящий японский стиль, задний привод, комплектация 3.5 G Executive, седан, автомат, бензин
Купить авто Тойота Краун 2018 во Владивостоке, В НАЛИЧИИ В ГОРОДЕ ВЛАДИВОСТОК, седан, комплектация 2.0 G, автоматическая коробка передач, бензиновый, 2 литр
Тойота Краун 2019 в Уссурийске, Toyota CROWN 2019 год, 4WD, пробег 25.000км, дорогой охранный комплекс Pandora, автомат AT, полный привод, 2.5 S Four Sport Style 4WD
Тойота Краун 18 год во Владивостоке, Продам Краун в идеальном состоянии, 2.5 S C Package, бензиновый двигатель, акпп, седан, Приморский край, с пробегом, гибрид
Тойота Краун 2018 г. в Уссурийске, 3.5 RS Advance, бензин, 3.5 литра, автомат at, гибрид, седан
Купить автомобиль Тойота Краун 20 в Уссурийске, TOYOTA CROWN HYBRID, гибрид, бензиновый, АКПП, 3.5л., правый руль, седан, 3.5 G Executive
Тойота Краун 2019 года во Владивостоке, Продам Toyota Crown, состояние нового автомобиля, возможен обмен, седан, комплектация 3.5 G Executive, бензин, пробег 43 тысяч км
"Toyota Crown 2019 во Владивостоке, x2757;&#xfe0f;УТИЛИЗАЦИОННЫЙ СБОР ВЫПЛАЧЕН, седан, Авторынок Владивостока ""Зеленый Угол"", бензиновый, цена 4.1млн.рублей, АКПП"
Toyota Crown 2018 года во Владивостоке, Автомобиль аукционный 4.5Б, Выгодный для меня возможен, задний привод, автомат, бензин, черный, руль правый, 2 литра, седан
Тойота Краун 2018 г.в. во Владивостоке, Краун RS 4, 5 оценка аукциона, бензин, руль правый, седан, автомат, бу, 3.5 литра, задний привод, комплектация 3.5 RS Advance
Продается авто Тойота Краун 2019 год во Владивостоке, Если не отвечаю пишите-звоните на Вацап, правый руль, автоматическая коробка передач, гибрид, бензин, седан
"Тойота Краун 2022 во Владивостоке, x1f698; АУКЦИОННЫЙ АВТО БЕЗ ПРОБЕГА ПО РФ В ПУТИ, обмен на более дорогую, на равноценную, на более дешевую, гибрид, 4 вд, цвет коричневый"
"Продажа Тойота Краун 2022 во Владивостоке, x1f4cc;Новый Toyota Crown Crossover 2.5 Hybrid G Advanced Leather Package 4WD, седан, с документами, автомат, бензин"
Купить Тойота Краун во Владивостоке, В наличии во Владивостоке, седан, 2.5 литра, бензин, 4 wd, коробка автомат, Приморье, гибрид, комплектация Crossover 2.5 Hybrid G Advanced Leather Package 4WD
Продажа Toyota Crown 2022 во Владивостоке, Максимальная комплектация нет только люка, седан, гибрид, 2.5 литра, полный привод, акпп, комплектация Crossover 2.5 Hybrid G Advanced Leather Package 4WD
Тойота Краун 2022 год во Владивостоке, Новый Toyota Crown Crossover 2.5 Hybrid G Advanced Leather Package 4WD, гибрид, комплектация Crossover 2.5 Hybrid G Advanced Leather Package 4WD
Продам авто Toyota Crown 2023г. во Владивостоке, Единственный Toyota Crown Hybrid в России в таком цвете на левом руле, бензин, АКПП, седан, 2.5 CVT Limited , гибрид
Toyota Crown 2023 во Владивостоке, Автомобиль покупался на аукционе USS TOKYO 15.06.2023, номер лота 26286, обмен на более дорогую, на равноценную, на более дешевую
Тойота Краун 23 года во Владивостоке, Crown Crossover, обмен Обмен на LX600, TLС 300, пробег 4000 км, полный привод, руль правый, белый, гибрид, 2.4л., седан
"Toyota Crown 2020 года во Владивостоке, x1f1f7;&#x1f1fa;&#x1f38c;&#x1f1f7;&#x1f1fa;УВАЖАЕМЫЕ ПОКУПАТЕЛИ, с пробегом 93тыс.км, цена 2935000 руб., гибрид, правый руль"
Тойота Краун 2018 в Уссурийске, RS комплектация 4 wd, только с таможни электронный паспорт от 18.05.23 года, гибрид, AT, комплектация 2.5 RS Four 4WD, с пробегом 147 тыс.км
Продажа Тойота Краун 2019 года в Уссурийске, машина в хорошем состоянии звонить на второй номер, седан, гибрид, б/у, 2.5л., белый, акпп
Купить Тойота Краун 2018 в Уссурийске, БЕЗ ПРОБЕГА ПО РФ, автоматическая коробка, белый, 3.5 G Executive, гибрид, бензин, седан
Тойота Краун 2019г. в Уссурийске, Торг, звоните, пишите на ватсап, 3.2млн.р., 2.5 RS Advance, пробег 102 тыс.км, 2.5 литра, гибрид, седан, акпп
Продажа Toyota Crown 2018 во Владивостоке, Crown RS Advance, 2018 год, 12 месяц, гибрид, бензин, седан, 2.5 литра, АКПП
Тойота Краун 2019 г. в Уссурийске, Компания АВТОПРИМОРЬЕ привезет любой автомобиль под заказ из Китая, 2.5л., бензин, седан, гибрид, серебристый, пробег 70 тысяч км
Toyota Crown 2019 года во Владивостоке, Отличный, честный, аукционный авто, обмен на более дешевую, бензин, седан, гибрид, 2.5л., акпп
